occupancy,shape,cubes,static,reconfigurable
0.0,"(1, 1, 1)",1,1.0,1.0
0.0,"(1, 1, 2)",2,1.0,1.0
0.0,"(1, 2, 2)",4,1.0,1.0
0.0,"(2, 2, 2)",8,1.0,1.0
0.0,"(2, 2, 4)",16,1.0,1.0
0.0,"(2, 4, 4)",32,0.958,1.0
0.0,"(3, 4, 4)",48,0.743,1.0
0.0,"(4, 4, 4)",64,0.362,0.362
0.2,"(1, 1, 1)",1,1.0,1.0
0.2,"(1, 1, 2)",2,1.0,1.0
0.2,"(1, 2, 2)",4,1.0,1.0
0.2,"(2, 2, 2)",8,0.9045,1.0
0.2,"(2, 2, 4)",16,0.3275,1.0
0.2,"(2, 4, 4)",32,0.0025,1.0
0.2,"(3, 4, 4)",48,0.0,0.8015
0.2,"(4, 4, 4)",64,0.0,0.0
