week,machine_rate_pct,ici_rate_pct,ocs_rate_pct,cube_fail_prob,static,reconfig_noFT,reconfig_FT,degraded_FT,verdict_static,verdict_noFT,verdict_FT
0,0.0622,0.0044,0.0385,0.01408,0.4166666666666667,0.4066666666666667,0.4166666666666667,0.01,POOR,POOR,POOR
1,0.0563,0.0032,0.0448,0.01201,0.43666666666666665,0.42333333333333334,0.43666666666666665,0.013333333333333334,POOR,POOR,POOR
2,0.0767,0.0044,0.0385,0.01637,0.36666666666666664,0.36333333333333334,0.36666666666666664,0.0033333333333333335,POOR,POOR,POOR
3,0.0856,0.0044,0.0402,0.01777,0.3233333333333333,0.31666666666666665,0.3233333333333333,0.006666666666666667,POOR,POOR,POOR
4,0.0604,0.0054,0.0353,0.01474,0.37666666666666665,0.37666666666666665,0.37666666666666665,0.0,POOR,POOR,POOR
5,0.0719,0.0057,0.0255,0.01684,0.32,0.31333333333333335,0.32,0.006666666666666667,POOR,POOR,POOR
6,0.113,0.0053,0.018,0.02291,0.23333333333333334,0.22666666666666666,0.23333333333333334,0.006666666666666667,POOR,POOR,POOR
7,0.1019,0.0042,0.0178,0.02014,0.27666666666666667,0.2733333333333333,0.27666666666666667,0.0033333333333333335,POOR,POOR,POOR
8,0.0526,0.0046,0.0182,0.01275,0.49,0.49,0.49,0.0,POOR,POOR,POOR
9,0.0348,0.0032,0.0258,0.0086,0.6133333333333333,0.6066666666666667,0.6133333333333333,0.006666666666666667,POOR,POOR,POOR
10,0.043,0.0033,0.0228,0.01,0.5533333333333333,0.5466666666666666,0.5533333333333333,0.006666666666666667,POOR,POOR,POOR
11,0.1044,0.0035,0.0302,0.01987,0.27666666666666667,0.27666666666666667,0.27666666666666667,0.0,POOR,POOR,POOR
12,0.1174,0.0047,0.0305,0.02304,0.23333333333333334,0.23333333333333334,0.23333333333333334,0.0,POOR,POOR,POOR
13,0.0937,0.0058,0.033,0.02036,0.23,0.23,0.23,0.0,POOR,POOR,POOR
14,0.0885,0.012,0.0298,0.02536,0.19333333333333333,0.18666666666666668,0.19333333333333333,0.006666666666666667,POOR,POOR,POOR
15,0.05,0.0089,0.0245,0.01641,0.36,0.3566666666666667,0.36,0.0033333333333333335,POOR,POOR,POOR
16,0.0659,0.0074,0.0238,0.0175,0.30333333333333334,0.30333333333333334,0.30333333333333334,0.0,POOR,POOR,POOR
17,0.0785,0.0093,0.0195,0.02126,0.26666666666666666,0.26666666666666666,0.26666666666666666,0.0,POOR,POOR,POOR
18,0.1104,0.0081,0.0282,0.02513,0.20333333333333334,0.20333333333333334,0.20333333333333334,0.0,POOR,POOR,POOR
19,0.117,0.0098,0.0245,0.02775,0.15666666666666668,0.15666666666666668,0.15666666666666668,0.0,POOR,POOR,POOR
20,0.1393,0.007,0.0302,0.02861,0.16333333333333333,0.15666666666666668,0.16333333333333333,0.006666666666666667,POOR,POOR,POOR
21,0.1404,0.0061,0.0348,0.02794,0.17,0.16666666666666666,0.17,0.0033333333333333335,POOR,POOR,POOR
22,0.0796,0.006,0.0175,0.01833,0.31333333333333335,0.31333333333333335,0.31333333333333335,0.0,POOR,POOR,POOR
23,0.0511,0.0059,0.02,0.01375,0.36666666666666664,0.36666666666666664,0.36666666666666664,0.0,POOR,POOR,POOR
24,0.0867,0.004,0.0235,0.01756,0.33666666666666667,0.33,0.33666666666666667,0.006666666666666667,POOR,POOR,POOR
25,0.06,0.0036,0.0322,0.01297,0.4533333333333333,0.44333333333333336,0.4533333333333333,0.01,POOR,POOR,POOR
26,0.0637,0.0037,0.0285,0.01365,0.45666666666666667,0.43666666666666665,0.45666666666666667,0.02,POOR,POOR,POOR
27,0.0615,0.004,0.021,0.01359,0.36666666666666664,0.36333333333333334,0.36666666666666664,0.0033333333333333335,POOR,POOR,POOR
28,0.0552,0.0034,0.034,0.01203,0.4533333333333333,0.45,0.4533333333333333,0.0033333333333333335,POOR,POOR,POOR
29,0.0604,0.0031,0.0392,0.01256,0.43333333333333335,0.42,0.43333333333333335,0.013333333333333334,POOR,POOR,POOR
30,0.0656,0.003,0.0322,0.01329,0.42,0.4066666666666667,0.42,0.013333333333333334,POOR,POOR,POOR
31,0.0656,0.0027,0.0295,0.01301,0.48333333333333334,0.48333333333333334,0.48333333333333334,0.0,POOR,POOR,POOR
32,0.0481,0.0023,0.037,0.00986,0.4866666666666667,0.4766666666666667,0.48333333333333334,0.006666666666666667,POOR,POOR,POOR
33,0.0485,0.0027,0.0427,0.0103,0.5333333333333333,0.52,0.5333333333333333,0.013333333333333334,POOR,POOR,POOR
34,0.0733,0.0029,0.062,0.01441,0.39,0.38666666666666666,0.39,0.0033333333333333335,POOR,POOR,POOR
35,0.0804,0.0027,0.0545,0.01534,0.41,0.39,0.41,0.02,POOR,POOR,POOR
36,0.0674,0.0032,0.0505,0.01376,0.39,0.37666666666666665,0.39,0.013333333333333334,POOR,POOR,POOR
37,0.067,0.0037,0.056,0.01417,0.4033333333333333,0.39,0.4033333333333333,0.013333333333333334,POOR,POOR,POOR
38,0.0689,0.0041,0.0555,0.01485,0.36,0.3433333333333333,0.36,0.016666666666666666,POOR,POOR,POOR
39,0.0552,0.003,0.056,0.01165,0.4666666666666667,0.45,0.4666666666666667,0.016666666666666666,POOR,POOR,POOR
40,0.0567,0.0051,0.049,0.01387,0.39666666666666667,0.38666666666666666,0.39666666666666667,0.01,POOR,POOR,POOR
41,0.0585,0.0041,0.0332,0.01321,0.37666666666666665,0.37666666666666665,0.37666666666666665,0.0,POOR,POOR,POOR
42,0.06,0.004,0.0452,0.01335,0.44,0.42333333333333334,0.44,0.016666666666666666,POOR,POOR,POOR
43,0.0563,0.0036,0.0508,0.01239,0.46,0.43333333333333335,0.46,0.02666666666666667,POOR,POOR,POOR
44,0.0656,0.0035,0.049,0.01376,0.45666666666666667,0.44666666666666666,0.45666666666666667,0.01,POOR,POOR,POOR
45,0.0719,0.0041,0.0442,0.01533,0.3466666666666667,0.34,0.3466666666666667,0.006666666666666667,POOR,POOR,POOR
46,0.0648,0.004,0.0462,0.01411,0.37666666666666665,0.37,0.37666666666666665,0.006666666666666667,POOR,POOR,POOR
47,0.1174,0.0043,0.0422,0.02266,0.17,0.16666666666666666,0.17,0.0033333333333333335,POOR,POOR,POOR
48,0.1163,0.0044,0.041,0.02258,0.23666666666666666,0.22666666666666666,0.23666666666666666,0.01,POOR,POOR,POOR
49,0.12,0.0043,0.0482,0.02307,0.26,0.26,0.26,0.0,POOR,POOR,POOR
50,0.1041,0.0039,0.041,0.0202,0.2833333333333333,0.2833333333333333,0.2833333333333333,0.0,POOR,POOR,POOR
51,0.1141,0.0028,0.0338,0.02074,0.27666666666666667,0.27,0.27666666666666667,0.006666666666666667,POOR,POOR,POOR
52,0.0922,0.0023,0.042,0.01682,0.33,0.3233333333333333,0.33,0.006666666666666667,POOR,POOR,POOR
53,0.0737,0.0042,0.051,0.0157,0.36333333333333334,0.36,0.36333333333333334,0.0033333333333333335,POOR,POOR,POOR
54,0.0796,0.0042,0.037,0.01663,0.33,0.31333333333333335,0.33,0.016666666666666666,POOR,POOR,POOR
55,0.0759,0.0031,0.036,0.01501,0.36,0.36,0.36,0.0,POOR,POOR,POOR
56,0.0663,0.0029,0.0575,0.01331,0.36,0.3466666666666667,0.36,0.013333333333333334,POOR,POOR,POOR
57,0.0633,0.003,0.0622,0.01293,0.45,0.43,0.45,0.02,POOR,POOR,POOR
58,0.0633,0.0032,0.059,0.01312,0.37,0.3566666666666667,0.37,0.013333333333333334,POOR,POOR,POOR
59,0.1115,0.0029,0.058,0.02042,0.25,0.24,0.25,0.01,POOR,POOR,POOR
60,0.1248,0.0031,0.0618,0.0227,0.23666666666666666,0.22666666666666666,0.23666666666666666,0.01,POOR,POOR,POOR
61,0.0867,0.0034,0.0642,0.017,0.38666666666666666,0.38,0.38666666666666666,0.006666666666666667,POOR,POOR,POOR
62,0.0767,0.0031,0.0703,0.01514,0.37666666666666665,0.37,0.37666666666666665,0.006666666666666667,POOR,POOR,POOR
63,0.0689,0.004,0.083,0.01476,0.44,0.41333333333333333,0.44,0.02666666666666667,POOR,POOR,POOR
64,0.0637,0.0064,0.0748,0.01621,0.36333333333333334,0.3466666666666667,0.36333333333333334,0.016666666666666666,POOR,POOR,POOR
65,0.0559,0.006,0.0478,0.0146,0.36,0.35333333333333333,0.3566666666666667,0.0033333333333333335,POOR,POOR,POOR
66,0.0507,0.005,0.023,0.01283,0.45666666666666667,0.44666666666666666,0.45666666666666667,0.01,POOR,POOR,POOR
67,0.0481,0.0041,0.0335,0.01157,0.49,0.48333333333333334,0.49,0.006666666666666667,POOR,POOR,POOR
68,0.1033,0.0046,0.0435,0.02073,0.26,0.25666666666666665,0.26,0.0033333333333333335,POOR,POOR,POOR
69,0.0837,0.0044,0.0405,0.01747,0.3333333333333333,0.33,0.3333333333333333,0.0033333333333333335,POOR,POOR,POOR
70,0.0544,0.0051,0.0462,0.01351,0.4,0.3933333333333333,0.4,0.006666666666666667,POOR,POOR,POOR
71,0.0681,0.0055,0.0425,0.01605,0.37666666666666665,0.37,0.37666666666666665,0.006666666666666667,POOR,POOR,POOR
72,0.0789,0.005,0.0472,0.01728,0.33666666666666667,0.32,0.33666666666666667,0.016666666666666666,POOR,POOR,POOR
73,0.0519,0.0053,0.0438,0.0133,0.39,0.38,0.39,0.01,POOR,POOR,POOR
74,0.0496,0.0045,0.0405,0.01218,0.42333333333333334,0.4166666666666667,0.42333333333333334,0.006666666666666667,POOR,POOR,POOR
75,0.0622,0.0052,0.04,0.01484,0.41,0.4033333333333333,0.41,0.006666666666666667,POOR,POOR,POOR
76,0.0759,0.0069,0.0422,0.0186,0.33,0.33,0.33,0.0,POOR,POOR,POOR
77,0.077,0.008,0.0328,0.01981,0.24666666666666667,0.24333333333333335,0.24666666666666667,0.0033333333333333335,POOR,POOR,POOR
78,0.0944,0.0104,0.0162,0.02478,0.19333333333333333,0.19333333333333333,0.19333333333333333,0.0,POOR,POOR,POOR
79,0.107,0.0104,0.0108,0.02675,0.18666666666666668,0.18666666666666668,0.18666666666666668,0.0,POOR,POOR,POOR
80,0.1089,0.0089,0.011,0.02564,0.20666666666666667,0.20666666666666667,0.20666666666666667,0.0,POOR,POOR,POOR
81,0.1237,0.0089,0.016,0.02795,0.19,0.19,0.19,0.0,POOR,POOR,POOR
82,0.1211,0.0084,0.0278,0.02708,0.14666666666666667,0.14333333333333334,0.14666666666666667,0.0033333333333333335,POOR,POOR,POOR
83,0.1059,0.0063,0.0298,0.02274,0.23333333333333334,0.22666666666666666,0.23333333333333334,0.006666666666666667,POOR,POOR,POOR
84,0.0896,0.0047,0.0112,0.01868,0.3233333333333333,0.3233333333333333,0.3233333333333333,0.0,POOR,POOR,POOR
85,0.0937,0.0049,0.009,0.01951,0.27666666666666667,0.27666666666666667,0.27666666666666667,0.0,POOR,POOR,POOR
86,0.0844,0.0065,0.0108,0.01956,0.2866666666666667,0.2866666666666667,0.2866666666666667,0.0,POOR,POOR,POOR
87,0.0744,0.0041,0.0138,0.01572,0.37666666666666665,0.37333333333333335,0.37666666666666665,0.0033333333333333335,POOR,POOR,POOR
88,0.0833,0.0048,0.0353,0.01778,0.3466666666666667,0.34,0.3466666666666667,0.006666666666666667,POOR,POOR,POOR
89,0.0726,0.005,0.0492,0.01629,0.32666666666666666,0.3233333333333333,0.32666666666666666,0.0033333333333333335,POOR,POOR,POOR
90,0.0681,0.0048,0.0185,0.01539,0.37333333333333335,0.37333333333333335,0.37333333333333335,0.0,POOR,POOR,POOR
91,0.0915,0.0047,0.0145,0.01898,0.2833333333333333,0.2833333333333333,0.2833333333333333,0.0,POOR,POOR,POOR
92,0.0626,0.004,0.0142,0.01376,0.42,0.42,0.42,0.0,POOR,POOR,POOR
93,0.0485,0.0047,0.0205,0.0122,0.46,0.46,0.46,0.0,POOR,POOR,POOR
94,0.0589,0.0053,0.0318,0.01441,0.36666666666666664,0.36333333333333334,0.36666666666666664,0.0033333333333333335,POOR,POOR,POOR
95,0.0656,0.005,0.026,0.01518,0.3566666666666667,0.35,0.3566666666666667,0.006666666666666667,POOR,POOR,POOR
96,0.0685,0.0057,0.0152,0.0163,0.3,0.2966666666666667,0.3,0.0033333333333333335,POOR,POOR,POOR
97,0.0578,0.0057,0.0245,0.01461,0.3933333333333333,0.3933333333333333,0.3933333333333333,0.0,POOR,POOR,POOR
98,0.0548,0.0053,0.0335,0.01376,0.41333333333333333,0.4066666666666667,0.41333333333333333,0.006666666666666667,POOR,POOR,POOR
99,0.0607,0.0053,0.023,0.01469,0.4033333333333333,0.4,0.4033333333333333,0.0033333333333333335,POOR,POOR,POOR
