day,jobs,pod_busy_frac,fit_static,fit_static_preempt,fit_reconfig,fit_reconfig_preempt,jobs_evicted_static,jobs_evicted_reconfig
0,103,0.227,0.043333333333333335,0.67,0.6366666666666667,1.0,3.2,1.28
1,102,0.215,0.04,0.7433333333333333,0.6833333333333333,1.0,2.96,1.33
2,138,0.277,0.023333333333333334,0.7333333333333333,0.57,1.0,4.17,1.65
3,169,0.476,0.0033333333333333335,0.7133333333333334,0.23,1.0,4.99,1.82
4,106,0.24,0.016666666666666666,0.6866666666666666,0.6366666666666667,1.0,3.2,1.27
5,128,0.266,0.03,0.7366666666666667,0.5933333333333334,1.0,3.7,1.37
6,119,0.232,0.023333333333333334,0.7633333333333333,0.6633333333333333,1.0,3.41,1.27
7,98,0.204,0.03,0.7466666666666667,0.7166666666666667,1.0,2.97,1.26
8,117,0.338,0.03,0.6866666666666666,0.4066666666666667,1.0,3.51,1.45
9,98,0.275,0.05,0.7366666666666667,0.55,1.0,2.89,1.27
10,95,0.294,0.043333333333333335,0.75,0.5166666666666667,1.0,2.92,1.37
11,224,0.688,0.0,0.7333333333333333,0.056666666666666664,1.0,5.94,2.52
12,181,0.708,0.0033333333333333335,0.6833333333333333,0.09333333333333334,1.0,4.53,2.24
13,170,0.668,0.0,0.76,0.08333333333333333,1.0,4.49,2.23
14,108,0.544,0.016666666666666666,0.7,0.21333333333333335,1.0,3.0,1.76
15,181,0.625,0.0033333333333333335,0.6766666666666666,0.1,1.0,4.69,2.16
16,248,0.555,0.0033333333333333335,0.7566666666666667,0.13666666666666666,1.0,7.2,2.63
17,169,0.364,0.0,0.7,0.36666666666666664,1.0,5.08,1.64
18,154,0.238,0.013333333333333334,0.6566666666666666,0.66,1.0,4.32,1.47
19,197,0.312,0.0,0.7233333333333334,0.44,1.0,5.9,1.79
20,89,0.149,0.056666666666666664,0.7633333333333333,0.8366666666666667,1.0,2.83,1.29
21,94,0.258,0.07,0.6833333333333333,0.59,1.0,2.96,1.28
22,127,0.253,0.01,0.74,0.6,1.0,3.75,1.44
23,140,0.278,0.01,0.7033333333333334,0.5366666666666666,1.0,3.86,1.44
24,127,0.195,0.02,0.7666666666666667,0.75,1.0,3.61,1.19
25,186,0.302,0.0033333333333333335,0.7333333333333333,0.4766666666666667,1.0,5.37,1.66
26,165,0.329,0.023333333333333334,0.6733333333333333,0.44,1.0,4.86,1.63
27,181,0.342,0.0,0.7533333333333333,0.42333333333333334,1.0,5.38,1.65
28,179,0.292,0.0,0.77,0.53,1.0,5.22,1.52
29,120,0.232,0.02666666666666667,0.7233333333333334,0.6533333333333333,1.0,3.62,1.26
30,153,0.218,0.006666666666666667,0.6633333333333333,0.6933333333333334,1.0,4.42,1.4
31,153,0.243,0.01,0.7133333333333334,0.6033333333333334,1.0,4.45,1.46
32,206,0.447,0.0,0.7733333333333333,0.22333333333333333,1.0,5.94,2.09
33,172,0.394,0.0033333333333333335,0.7366666666666667,0.31,1.0,5.26,1.78
34,107,0.322,0.03333333333333333,0.6866666666666666,0.48333333333333334,1.0,3.29,1.54
35,157,0.279,0.013333333333333334,0.7033333333333334,0.5633333333333334,1.0,4.35,1.49
36,144,0.301,0.006666666666666667,0.7333333333333333,0.5033333333333333,1.0,4.18,1.46
37,224,0.275,0.0,0.7333333333333333,0.5333333333333333,1.0,6.5,1.77
38,140,0.168,0.013333333333333334,0.6833333333333333,0.8133333333333334,1.0,4.0,1.18
39,99,0.186,0.03333333333333333,0.7533333333333333,0.76,1.0,3.0,1.21
40,93,0.224,0.056666666666666664,0.7733333333333333,0.6533333333333333,1.0,2.86,1.19
41,70,0.129,0.08,0.7133333333333334,0.8566666666666667,1.0,2.04,1.05
42,73,0.183,0.11333333333333333,0.75,0.7433333333333333,1.0,2.48,1.25
43,115,0.227,0.03333333333333333,0.73,0.6633333333333333,1.0,3.43,1.23
44,160,0.396,0.0033333333333333335,0.7266666666666667,0.3333333333333333,1.0,4.67,1.65
45,164,0.342,0.01,0.7233333333333334,0.43333333333333335,1.0,4.52,1.68
46,181,0.299,0.0,0.7366666666666667,0.4766666666666667,1.0,5.44,1.59
47,166,0.346,0.0,0.7166666666666667,0.4166666666666667,1.0,4.93,1.69
48,84,0.163,0.05333333333333334,0.74,0.8033333333333333,1.0,2.64,1.15
49,58,0.121,0.13333333333333333,0.6933333333333334,0.85,1.0,1.84,1.09
50,109,0.172,0.03,0.7033333333333334,0.8,1.0,3.12,1.18
51,197,0.419,0.0,0.7566666666666667,0.26,1.0,5.66,1.84
52,113,0.319,0.03666666666666667,0.74,0.49666666666666665,1.0,3.39,1.32
53,129,0.19,0.023333333333333334,0.7266666666666667,0.73,1.0,3.82,1.32
54,107,0.222,0.04,0.7066666666666667,0.6433333333333333,1.0,3.19,1.23
55,59,0.167,0.17,0.7133333333333334,0.7533333333333333,1.0,2.25,1.07
56,84,0.216,0.05333333333333334,0.7366666666666667,0.6633333333333333,1.0,2.73,1.2
57,135,0.257,0.013333333333333334,0.7266666666666667,0.58,1.0,3.96,1.26
58,192,0.384,0.0033333333333333335,0.7433333333333333,0.3433333333333333,1.0,5.46,2.02
59,169,0.426,0.01,0.7266666666666667,0.2833333333333333,1.0,4.95,1.79
